,g,album_artist,x,k,m,N,p-val,adj_pval(BH)
341,34,Malcolm Crook,12,72,636055,4313582,0.2579498403090218,0.2579498403090218
