,g,album_artist,x,k,m,N,p-val,adj_pval(BH)
341,38,Malcolm Crook,13,28,636055,4313582,1.1723429820737244e-05,1.1723429820737244e-05
